Carimbo de data/hora,1. Em qual período / semestre do seu curso de graduação você se encontra atualmente? *,2. Qual era a sua relação com o desenvolvimento de software antes de ingressar na faculdade?,3. Você atua ou já atuou profissionalmente como desenvolvedor(a) de software? ,4. Qual é o seu foco principal de atuação ou interesse?,5. Qual é a sua faixa etária?,6. Qual é a sua modalidade de contratação atual?,7. Como você se classifica profissionalmente?,8. Anos de experiência total em projetos de software (incluindo acadêmicos)?,9. Quais dessas tecnologias / stacks você usa ou domina?,10. Quais idiomas você domina em nível intermediário ou avançado (capaz de utilizar no ambiente de trabalho)?,"11. Você possui alguma certificação profissional na área de tecnologia (ex: AWS, Azure, Scrum, GitHub, Oracle, etc.)?",12. Como você avalia o mercado de tecnologia no Brasil atualmente?,"13. Como você avalia o impacto prático da IA generativa (ex: ChatGPT, GitHub Copilot, etc.) no seu trabalho ou estudos hoje?",14. Qual mudança você considera maior ameaça para desenvolvedores nos próximos 3 anos?,15. Você tem interesse em trabalhar remotamente para empresas do exterior?,16. Qual é o seu principal objetivo nos próximos 12 meses em relação à carreira?,17. O que mais te motiva a seguir ou permanecer na carreira de desenvolvimento de software?,18. Qual habilidade você sente mais necessidade de desenvolver?,"19. No seu ambiente de trabalho (ou projetos acadêmicos/pessoais), com qual frequência você utiliza métricas para avaliar o software ou a produtividade do time (ex: code coverage, commits, velocity, tempo de entrega, volumetria de bugs)?"
12/06/2026 19:18:05,5º ao 6º período,Nula — Nunca tinha programado ou trabalhado na área; comecei do zero na faculdade.,"Sim, atualmente  —  Estou empregado(a) na área","Back-end, Front-end, Full-stack",22 – 25 anos,CLT,Pleno,3 – 5 anos,"Java, C# / .NET, SQL / Bancos de dados, AWS / GCP / Azure",Não possuo domínio de outros idiomas além do português,"Não, mas estou estudando para obter uma nos próximos meses","Estável  —  Vagas existem, mas a concorrência é alta",Altamente positivo — Aumentou consideravelmente minha produtividade e aprendizado,"Substituição por IA / automação  —  Ferramentas de geração de código reduzindo demanda por devs, Estagnação salarial  —  Salários não acompanhando custo de vida ou inflação, Velocidade das mudanças tecnológicas  —  Dificuldade de manter o conhecimento atualizado","Sim, é uma meta","Ser promovido(a) / subir de nível, Migrar para uma empresa maior ou mais reconhecida","Remuneração e pacotes de benefícios atrativos, Flexibilidade (como a possibilidade de atuar em Home Office), Desafio intelectual e a satisfação de resolver problemas complexos","Soft skills / comunicação, Inglês técnico, Testes automatizados, Cloud / DevOps",Não sei opinar / Não me aplico
12/06/2026 19:26:06,5º ao 6º período,Nula — Nunca tinha programado ou trabalhado na área; comecei do zero na faculdade.,"Sim, atualmente  —  Estou empregado(a) na área",Full-stack,22 – 25 anos,Estágio,Estágio / Trainee,3 – 5 anos,Python,Não possuo domínio de outros idiomas além do português,"Não, mas estou estudando para obter uma nos próximos meses","Estável  —  Vagas existem, mas a concorrência é alta",Altamente positivo — Aumentou consideravelmente minha produtividade e aprendizado,Substituição por IA / automação  —  Ferramentas de geração de código reduzindo demanda por devs,"Talvez, ainda avaliando",Ser promovido(a) / subir de nível,"Remuneração e pacotes de benefícios atrativos, Flexibilidade (como a possibilidade de atuar em Home Office)","Soft skills / comunicação, Inglês técnico, Gestão / Liderança",Frequente — Monitoramos métricas em dashboards e elas guiam nossas decisões e entregas.
12/06/2026 19:28:05,5º ao 6º período,Nula — Nunca tinha programado ou trabalhado na área; comecei do zero na faculdade.,"Sim, atualmente  —  Estou empregado(a) na área","Mobile, Gestão / PM",26 – 30 anos,Estágio,Estágio / Trainee,3 – 5 anos,Python,Inglês,Não possuo e não tenho interesse no momento,"Estável  —  Vagas existem, mas a concorrência é alta",Negativo — Sinto que prejudica o aprendizado profundo ou gera dependência excessiva,"Substituição por IA / automação  —  Ferramentas de geração de código reduzindo demanda por devs, Velocidade das mudanças tecnológicas  —  Dificuldade de manter o conhecimento atualizado","Sim, é uma meta","Ser promovido(a) / subir de nível, Migrar para uma empresa maior ou mais reconhecida","Remuneração e pacotes de benefícios atrativos, Flexibilidade (como a possibilidade de atuar em Home Office)","Arquitetura de software, Testes automatizados, Análise de dados",Rara / Nula — Não medimos nada formalmente; focamos apenas em entregar as tarefas no prazo.
12/06/2026 19:30:49,7º ao 8º período,Nula — Nunca tinha programado ou trabalhado na área; comecei do zero na faculdade.,"Sim, atualmente  —  Estou empregado(a) na área","Back-end, Pesquisa Acadêmica",31 – 35 anos,CLT,Júnior,3 – 5 anos,"Python, Java, Go, SQL / Bancos de dados, AWS / GCP / Azure",Inglês,"Não, mas estou estudando para obter uma nos próximos meses","Estável  —  Vagas existem, mas a concorrência é alta",Negativo — Sinto que prejudica o aprendizado profundo ou gera dependência excessiva,Substituição por IA / automação  —  Ferramentas de geração de código reduzindo demanda por devs,"Sim, é uma meta","Ser promovido(a) / subir de nível, Trabalhar para o exterior ou me mudar","Remuneração e pacotes de benefícios atrativos, Flexibilidade (como a possibilidade de atuar em Home Office), Desafio intelectual e a satisfação de resolver problemas complexos, Ampla quantidade de vagas e estabilidade relativa do setor","Inglês técnico, Arquitetura de software, IA / Machine Learning",Frequente — Monitoramos métricas em dashboards e elas guiam nossas decisões e entregas.
12/06/2026 19:31:27,5º ao 6º período,Nula — Nunca tinha programado ou trabalhado na área; comecei do zero na faculdade.,"Ainda não, mas busco meu primeiro emprego  —  Cursando, sem experiência formal ainda","QA / Testes, Gestão / PM",18 – 21 anos,PJ,Júnior,1 – 2 anos,"Python, Java",Inglês,"Não, mas estou estudando para obter uma nos próximos meses, Não possuo e não tenho interesse no momento","Resfriado  —  Vagas escassas, difícil entrar ou crescer",Negativo — Sinto que prejudica o aprendizado profundo ou gera dependência excessiva,"Substituição por IA / automação  —  Ferramentas de geração de código reduzindo demanda por devs, Concorrência global em remote work  —  Profissionais de outros países competindo pelas mesmas vagas, Velocidade das mudanças tecnológicas  —  Dificuldade de manter o conhecimento atualizado","Sim, é uma meta","Conseguir meu primeiro emprego como dev, Migrar para uma empresa maior ou mais reconhecida, Trabalhar para o exterior ou me mudar","Flexibilidade (como a possibilidade de atuar em Home Office), Ampla quantidade de vagas e estabilidade relativa do setor","Arquitetura de software, Testes automatizados, Análise de dados, Gestão / Liderança",Não sei opinar / Não me aplico
12/06/2026 19:31:27,5º ao 6º período,"Apenas estudos autônomos / cursos livres — Já estudava lógica ou linguagens por conta própria (YouTube, cursos online, etc.), mas não trabalhava.","Sim, mas não mais  —  Já trabalhei, hoje estou em outra área ou parado(a)","Back-end, QA / Testes",22 – 25 anos,PJ,Estágio / Trainee,1 – 2 anos,"Java, C# / .NET",Não possuo domínio de outros idiomas além do português,Não possuo e não tenho interesse no momento,"Resfriado  —  Vagas escassas, difícil entrar ou crescer","Neutro — Utilizo pontualmente, mas não mudou minha rotina de forma significativa","Substituição por IA / automação  —  Ferramentas de geração de código reduzindo demanda por devs, Estagnação salarial  —  Salários não acompanhando custo de vida ou inflação","Sim, é uma meta",Empreender / criar meu próprio negócio,Flexibilidade (como a possibilidade de atuar em Home Office),"Soft skills / comunicação, Inglês técnico, Arquitetura de software",Rara / Nula — Não medimos nada formalmente; focamos apenas em entregar as tarefas no prazo.
12/06/2026 19:31:31,5º ao 6º período,Nula — Nunca tinha programado ou trabalhado na área; comecei do zero na faculdade.,"Sim, mas não mais  —  Já trabalhei, hoje estou em outra área ou parado(a)",Full-stack,22 – 25 anos,Estágio,Estágio / Trainee,1 – 2 anos,"JavaScript / TypeScript, SQL / Bancos de dados",Não possuo domínio de outros idiomas além do português,"Não, mas estou estudando para obter uma nos próximos meses","Estável  —  Vagas existem, mas a concorrência é alta",Altamente positivo — Aumentou consideravelmente minha produtividade e aprendizado,Estagnação salarial  —  Salários não acompanhando custo de vida ou inflação,"Talvez, ainda avaliando",Migrar para uma empresa maior ou mais reconhecida,Desafio intelectual e a satisfação de resolver problemas complexos,Inglês técnico,"Ocasional — Olhamos algumas métricas de vez em quando (ex: cobertura de testes), mas não é um processo rígido."
12/06/2026 19:31:46,7º ao 8º período,"Apenas estudos autônomos / cursos livres — Já estudava lógica ou linguagens por conta própria (YouTube, cursos online, etc.), mas não trabalhava.","Sim, atualmente  —  Estou empregado(a) na área","Back-end, Front-end, Full-stack, Mobile, Gestão / PM",22 – 25 anos,"CLT, Freelancer / autônomo",Pleno,3 – 5 anos,"JavaScript / TypeScript, Python, SQL / Bancos de dados, PHP","Inglês, Italiano, francês ",Não possuo e não tenho interesse no momento,"Estável  —  Vagas existem, mas a concorrência é alta",Negativo — Sinto que prejudica o aprendizado profundo ou gera dependência excessiva,Substituição por IA / automação  —  Ferramentas de geração de código reduzindo demanda por devs,"Sim, é uma meta","Ser promovido(a) / subir de nível, Migrar para uma empresa maior ou mais reconhecida, Trabalhar para o exterior ou me mudar, Seguir carreira acadêmica / mestrado / doutorado, Empreender / criar meu próprio negócio","Remuneração e pacotes de benefícios atrativos, Flexibilidade (como a possibilidade de atuar em Home Office), Desafio intelectual e a satisfação de resolver problemas complexos","IA / Machine Learning, Análise de dados","Ocasional — Olhamos algumas métricas de vez em quando (ex: cobertura de testes), mas não é um processo rígido."
12/06/2026 19:31:48,7º ao 8º período,Nula — Nunca tinha programado ou trabalhado na área; comecei do zero na faculdade.,"Sim, atualmente  —  Estou empregado(a) na área","Back-end, Front-end",22 – 25 anos,CLT,Júnior,3 – 5 anos,JavaScript / TypeScript,Inglês,"Não, mas estou estudando para obter uma nos próximos meses","Estável  —  Vagas existem, mas a concorrência é alta",Altamente positivo — Aumentou consideravelmente minha produtividade e aprendizado,"Concorrência global em remote work  —  Profissionais de outros países competindo pelas mesmas vagas, Estagnação salarial  —  Salários não acompanhando custo de vida ou inflação, Velocidade das mudanças tecnológicas  —  Dificuldade de manter o conhecimento atualizado","Sim, é uma meta",Migrar para uma empresa maior ou mais reconhecida,"Remuneração e pacotes de benefícios atrativos, Flexibilidade (como a possibilidade de atuar em Home Office)","Inglês técnico, Arquitetura de software, Testes automatizados, Cloud / DevOps, IA / Machine Learning",Frequente — Monitoramos métricas em dashboards e elas guiam nossas decisões e entregas.
12/06/2026 19:31:56,5º ao 6º período,"Apenas estudos autônomos / cursos livres — Já estudava lógica ou linguagens por conta própria (YouTube, cursos online, etc.), mas não trabalhava.","Sim, atualmente  —  Estou empregado(a) na área","Back-end, Full-stack, Dados / BI",18 – 21 anos,Estágio,Estágio / Trainee,3 – 5 anos,"JavaScript / TypeScript, Python, SQL / Bancos de dados",Inglês,"Não, mas estou estudando para obter uma nos próximos meses","Estável  —  Vagas existem, mas a concorrência é alta",Altamente positivo — Aumentou consideravelmente minha produtividade e aprendizado,"Substituição por IA / automação  —  Ferramentas de geração de código reduzindo demanda por devs, Velocidade das mudanças tecnológicas  —  Dificuldade de manter o conhecimento atualizado","Sim, é uma meta","Ser promovido(a) / subir de nível, Migrar para uma empresa maior ou mais reconhecida, Trabalhar para o exterior ou me mudar","Flexibilidade (como a possibilidade de atuar em Home Office), Impacto real dos produtos construídos na vida das pessoas","Arquitetura de software, Cloud / DevOps, Análise de dados, Gestão / Liderança","Ocasional — Olhamos algumas métricas de vez em quando (ex: cobertura de testes), mas não é um processo rígido."
12/06/2026 19:32:37,5º ao 6º período,"Apenas estudos autônomos / cursos livres — Já estudava lógica ou linguagens por conta própria (YouTube, cursos online, etc.), mas não trabalhava.","Ainda não, mas busco meu primeiro emprego  —  Cursando, sem experiência formal ainda","Full-stack, Dados / BI, DevOps / Cloud, QA / Testes, Gestão / PM",22 – 25 anos,Não estou trabalhando no momento,Não me aplico,3 – 5 anos,"JavaScript / TypeScript, Python, Java, SQL / Bancos de dados","Inglês, Espanhol","Não, mas estou estudando para obter uma nos próximos meses","Resfriado  —  Vagas escassas, difícil entrar ou crescer",Negativo — Sinto que prejudica o aprendizado profundo ou gera dependência excessiva,"Substituição por IA / automação  —  Ferramentas de geração de código reduzindo demanda por devs, Estagnação salarial  —  Salários não acompanhando custo de vida ou inflação","Sim, é uma meta",Conseguir meu primeiro emprego como dev,Flexibilidade (como a possibilidade de atuar em Home Office),"Soft skills / comunicação, Arquitetura de software, Cloud / DevOps","Ocasional — Olhamos algumas métricas de vez em quando (ex: cobertura de testes), mas não é um processo rígido."
12/06/2026 19:32:43,5º ao 6º período,"Experiência Profissional — Já trabalhava formal ou informalmente na área (freelas, estágio ou CLT) antes de iniciar a graduação.","Sim, atualmente  —  Estou empregado(a) na área","Back-end, Front-end, Full-stack, Mobile, Dados / BI",22 – 25 anos,Freelancer / autônomo,Não me aplico,1 – 2 anos,"C# / .NET, SQL / Bancos de dados",Não possuo domínio de outros idiomas além do português,"Não, mas estou estudando para obter uma nos próximos meses",Não tenho opinião formada,Altamente positivo — Aumentou consideravelmente minha produtividade e aprendizado,"Substituição por IA / automação  —  Ferramentas de geração de código reduzindo demanda por devs, Concorrência global em remote work  —  Profissionais de outros países competindo pelas mesmas vagas, Estagnação salarial  —  Salários não acompanhando custo de vida ou inflação, Velocidade das mudanças tecnológicas  —  Dificuldade de manter o conhecimento atualizado","Talvez, ainda avaliando",Empreender / criar meu próprio negócio,"Desafio intelectual e a satisfação de resolver problemas complexos, Impacto real dos produtos construídos na vida das pessoas","Inglês técnico, Arquitetura de software, Testes automatizados, Cloud / DevOps, IA / Machine Learning, Análise de dados, Gestão / Liderança",Rara / Nula — Não medimos nada formalmente; focamos apenas em entregar as tarefas no prazo.
12/06/2026 19:32:56,5º ao 6º período,Ensino Técnico — Já tinha base técnica de programação vinda de um curso técnico de nível médio (ex: Técnico em Informática).,"Sim, mas não mais  —  Já trabalhei, hoje estou em outra área ou parado(a)","Back-end, Dados / BI, DevOps / Cloud, QA / Testes",18 – 21 anos,PJ,Júnior,6 – 10 anos,"Python, SQL / Bancos de dados, AWS / GCP / Azure",Inglês,"Não, mas estou estudando para obter uma nos próximos meses",Não tenho opinião formada,Altamente positivo — Aumentou consideravelmente minha produtividade e aprendizado,Velocidade das mudanças tecnológicas  —  Dificuldade de manter o conhecimento atualizado,"Talvez, ainda avaliando","Ser promovido(a) / subir de nível, Migrar para uma empresa maior ou mais reconhecida","Flexibilidade (como a possibilidade de atuar em Home Office), Desafio intelectual e a satisfação de resolver problemas complexos, Ampla quantidade de vagas e estabilidade relativa do setor","Soft skills / comunicação, IA / Machine Learning",Frequente — Monitoramos métricas em dashboards e elas guiam nossas decisões e entregas.
12/06/2026 19:33:14,5º ao 6º período,"Apenas estudos autônomos / cursos livres — Já estudava lógica ou linguagens por conta própria (YouTube, cursos online, etc.), mas não trabalhava.","Sim, atualmente  —  Estou empregado(a) na área",Back-end,31 – 35 anos,Estágio,Estágio / Trainee,1 – 2 anos,"Java, C# / .NET",Espanhol,"Não, mas estou estudando para obter uma nos próximos meses","Estável  —  Vagas existem, mas a concorrência é alta",Altamente positivo — Aumentou consideravelmente minha produtividade e aprendizado,Substituição por IA / automação  —  Ferramentas de geração de código reduzindo demanda por devs,"Sim, é uma meta",Ser promovido(a) / subir de nível,"Remuneração e pacotes de benefícios atrativos, Flexibilidade (como a possibilidade de atuar em Home Office)","Soft skills / comunicação, Inglês técnico",Frequente — Monitoramos métricas em dashboards e elas guiam nossas decisões e entregas.
12/06/2026 19:33:14,5º ao 6º período,Nula — Nunca tinha programado ou trabalhado na área; comecei do zero na faculdade.,"Ainda não, mas busco meu primeiro emprego  —  Cursando, sem experiência formal ainda","QA / Testes, Gestão / PM",22 – 25 anos,Não estou trabalhando no momento,Não me aplico,1 – 2 anos,"Python, Java","Inglês, Espanhol, Italiano",Não possuo e não tenho interesse no momento,Não tenho opinião formada,Altamente positivo — Aumentou consideravelmente minha produtividade e aprendizado,"Substituição por IA / automação  —  Ferramentas de geração de código reduzindo demanda por devs, Velocidade das mudanças tecnológicas  —  Dificuldade de manter o conhecimento atualizado","Sim, é uma meta","Conseguir meu primeiro emprego como dev, Trabalhar para o exterior ou me mudar, Empreender / criar meu próprio negócio",Flexibilidade (como a possibilidade de atuar em Home Office),"Análise de dados, Gestão / Liderança",Não sei opinar / Não me aplico
12/06/2026 19:33:15,5º ao 6º período,Nula — Nunca tinha programado ou trabalhado na área; comecei do zero na faculdade.,"Sim, mas não mais  —  Já trabalhei, hoje estou em outra área ou parado(a)","Back-end, Full-stack, DevOps / Cloud",26 – 30 anos,Não estou trabalhando no momento,Júnior,1 – 2 anos,"JavaScript / TypeScript, Python, Java, C# / .NET, SQL / Bancos de dados",Inglês,"Não, mas estou estudando para obter uma nos próximos meses","Resfriado  —  Vagas escassas, difícil entrar ou crescer",Altamente positivo — Aumentou consideravelmente minha produtividade e aprendizado,Substituição por IA / automação  —  Ferramentas de geração de código reduzindo demanda por devs,"Sim, é uma meta","Conseguir meu primeiro emprego como dev, Trabalhar para o exterior ou me mudar",Flexibilidade (como a possibilidade de atuar em Home Office),"Soft skills / comunicação, Testes automatizados, Cloud / DevOps","Ocasional — Olhamos algumas métricas de vez em quando (ex: cobertura de testes), mas não é um processo rígido."
12/06/2026 19:34:19,5º ao 6º período,"Apenas estudos autônomos / cursos livres — Já estudava lógica ou linguagens por conta própria (YouTube, cursos online, etc.), mas não trabalhava.","Sim, mas não mais  —  Já trabalhei, hoje estou em outra área ou parado(a)","Back-end, Front-end, Full-stack, Mobile, Dados / BI, DevOps / Cloud",26 – 30 anos,Não estou trabalhando no momento,Não me aplico,3 – 5 anos,"JavaScript / TypeScript, Python, Java, SQL / Bancos de dados, AWS / GCP / Azure",Inglês,"Não, mas estou estudando para obter uma nos próximos meses","Resfriado  —  Vagas escassas, difícil entrar ou crescer",Altamente positivo — Aumentou consideravelmente minha produtividade e aprendizado,"Substituição por IA / automação  —  Ferramentas de geração de código reduzindo demanda por devs, Concorrência global em remote work  —  Profissionais de outros países competindo pelas mesmas vagas, Estagnação salarial  —  Salários não acompanhando custo de vida ou inflação","Sim, é uma meta","Migrar para uma empresa maior ou mais reconhecida, Trabalhar para o exterior ou me mudar, Empreender / criar meu próprio negócio","Remuneração e pacotes de benefícios atrativos, Flexibilidade (como a possibilidade de atuar em Home Office), Impacto real dos produtos construídos na vida das pessoas","Soft skills / comunicação, Inglês técnico, Arquitetura de software, IA / Machine Learning, Gestão / Liderança","Ocasional — Olhamos algumas métricas de vez em quando (ex: cobertura de testes), mas não é um processo rígido."
12/06/2026 19:34:25,5º ao 6º período,Ensino Técnico — Já tinha base técnica de programação vinda de um curso técnico de nível médio (ex: Técnico em Informática).,"Sim, atualmente  —  Estou empregado(a) na área","Back-end, Front-end, Full-stack, DevOps / Cloud",22 – 25 anos,Estágio,Júnior,3 – 5 anos,"JavaScript / TypeScript, Python, SQL / Bancos de dados",Não possuo domínio de outros idiomas além do português,"Sim, possuo e mantenho ativa(s)","Estável  —  Vagas existem, mas a concorrência é alta",Altamente positivo — Aumentou consideravelmente minha produtividade e aprendizado,"Substituição por IA / automação  —  Ferramentas de geração de código reduzindo demanda por devs, Concorrência global em remote work  —  Profissionais de outros países competindo pelas mesmas vagas, Velocidade das mudanças tecnológicas  —  Dificuldade de manter o conhecimento atualizado","Sim, é uma meta","Ser promovido(a) / subir de nível, Trabalhar para o exterior ou me mudar","Remuneração e pacotes de benefícios atrativos, Flexibilidade (como a possibilidade de atuar em Home Office), Desafio intelectual e a satisfação de resolver problemas complexos, Impacto real dos produtos construídos na vida das pessoas","Inglês técnico, Testes automatizados, Análise de dados",Frequente — Monitoramos métricas em dashboards e elas guiam nossas decisões e entregas.
12/06/2026 19:35:02,7º ao 8º período,Nula — Nunca tinha programado ou trabalhado na área; comecei do zero na faculdade.,"Sim, atualmente  —  Estou empregado(a) na área","Front-end, Full-stack, Mobile",22 – 25 anos,Estágio,Júnior,3 – 5 anos,"JavaScript / TypeScript, Python, C# / .NET, SQL / Bancos de dados",Inglês,"Não, mas estou estudando para obter uma nos próximos meses","Estável  —  Vagas existem, mas a concorrência é alta",Altamente positivo — Aumentou consideravelmente minha produtividade e aprendizado,Estagnação salarial  —  Salários não acompanhando custo de vida ou inflação,"Sim, é uma meta","Ser promovido(a) / subir de nível, Migrar para uma empresa maior ou mais reconhecida","Remuneração e pacotes de benefícios atrativos, Desafio intelectual e a satisfação de resolver problemas complexos","Inglês técnico, Arquitetura de software, IA / Machine Learning, Análise de dados","Ocasional — Olhamos algumas métricas de vez em quando (ex: cobertura de testes), mas não é um processo rígido."
12/06/2026 19:35:08,5º ao 6º período,Nula — Nunca tinha programado ou trabalhado na área; comecei do zero na faculdade.,"Sim, atualmente  —  Estou empregado(a) na área","Back-end, Full-stack, Pesquisa Acadêmica",26 – 30 anos,CLT,Júnior,3 – 5 anos,"JavaScript / TypeScript, Python, Java, SQL / Bancos de dados, AWS / GCP / Azure",Inglês,"Não, mas estou estudando para obter uma nos próximos meses","Resfriado  —  Vagas escassas, difícil entrar ou crescer",Altamente positivo — Aumentou consideravelmente minha produtividade e aprendizado,Velocidade das mudanças tecnológicas  —  Dificuldade de manter o conhecimento atualizado,"Sim, é uma meta",Migrar para uma empresa maior ou mais reconhecida,"Remuneração e pacotes de benefícios atrativos, Flexibilidade (como a possibilidade de atuar em Home Office), Desafio intelectual e a satisfação de resolver problemas complexos","Inglês técnico, Arquitetura de software, Testes automatizados, Cloud / DevOps","Ocasional — Olhamos algumas métricas de vez em quando (ex: cobertura de testes), mas não é um processo rígido."
12/06/2026 19:35:35,5º ao 6º período,"Apenas estudos autônomos / cursos livres — Já estudava lógica ou linguagens por conta própria (YouTube, cursos online, etc.), mas não trabalhava.","Sim, atualmente  —  Estou empregado(a) na área",Back-end,18 – 21 anos,CLT,Pleno,3 – 5 anos,"Java, Go, SQL / Bancos de dados, AWS / GCP / Azure",Inglês,"Não, mas estou estudando para obter uma nos próximos meses","Estável  —  Vagas existem, mas a concorrência é alta",Altamente positivo — Aumentou consideravelmente minha produtividade e aprendizado,"Substituição por IA / automação  —  Ferramentas de geração de código reduzindo demanda por devs, Estagnação salarial  —  Salários não acompanhando custo de vida ou inflação","Talvez, ainda avaliando","Ser promovido(a) / subir de nível, Seguir carreira acadêmica / mestrado / doutorado","Remuneração e pacotes de benefícios atrativos, Desafio intelectual e a satisfação de resolver problemas complexos, Impacto real dos produtos construídos na vida das pessoas","Inglês técnico, IA / Machine Learning",Frequente — Monitoramos métricas em dashboards e elas guiam nossas decisões e entregas.
12/06/2026 19:35:38,5º ao 6º período,Nula — Nunca tinha programado ou trabalhado na área; comecei do zero na faculdade.,"Ainda não, mas busco meu primeiro emprego  —  Cursando, sem experiência formal ainda","Back-end, Dados / BI, QA / Testes, Pesquisa Acadêmica",18 – 21 anos,Não estou trabalhando no momento,Estágio / Trainee,3 – 5 anos,"JavaScript / TypeScript, Python, SQL / Bancos de dados, AWS / GCP / Azure",Inglês,"Não, mas estou estudando para obter uma nos próximos meses","Estável  —  Vagas existem, mas a concorrência é alta","Neutro — Utilizo pontualmente, mas não mudou minha rotina de forma significativa","Substituição por IA / automação  —  Ferramentas de geração de código reduzindo demanda por devs, Concorrência global em remote work  —  Profissionais de outros países competindo pelas mesmas vagas","Sim, é uma meta",Trabalhar para o exterior ou me mudar,"Remuneração e pacotes de benefícios atrativos, Ampla quantidade de vagas e estabilidade relativa do setor","Cloud / DevOps, IA / Machine Learning, Gestão / Liderança",Não sei opinar / Não me aplico
12/06/2026 19:36:00,5º ao 6º período,"Apenas estudos autônomos / cursos livres — Já estudava lógica ou linguagens por conta própria (YouTube, cursos online, etc.), mas não trabalhava.","Sim, atualmente  —  Estou empregado(a) na área","Back-end, DS/AI",22 – 25 anos,"CLT, PJ",Pleno,3 – 5 anos,"Python, Java, SQL / Bancos de dados, AWS / GCP / Azure","Inglês, Espanhol",Não possuo e não tenho interesse no momento,Aquecido  —  Muitas vagas e boas oportunidades,Altamente positivo — Aumentou consideravelmente minha produtividade e aprendizado,Redução salarial por conta da IA.,"Sim, é uma meta",n/a,n/a,IA / Machine Learning,"Frequente — Monitoramos métricas em dashboards e elas guiam nossas decisões e entregas., Ocasional — Olhamos algumas métricas de vez em quando (ex: cobertura de testes), mas não é um processo rígido."
12/06/2026 19:37:26,5º ao 6º período,Nula — Nunca tinha programado ou trabalhado na área; comecei do zero na faculdade.,"Sim, atualmente  —  Estou empregado(a) na área","Dados / BI, Gestão / PM",18 – 21 anos,Estágio,Júnior,1 – 2 anos,"JavaScript / TypeScript, Python, Java, SQL / Bancos de dados, Power BI, Excel ",Inglês,"Sim, possuo e mantenho ativa(s)","Estável  —  Vagas existem, mas a concorrência é alta",Altamente positivo — Aumentou consideravelmente minha produtividade e aprendizado,"Substituição por IA / automação  —  Ferramentas de geração de código reduzindo demanda por devs, Estagnação salarial  —  Salários não acompanhando custo de vida ou inflação","Sim, é uma meta","Ser promovido(a) / subir de nível, Migrar para uma empresa maior ou mais reconhecida, Trabalhar para o exterior ou me mudar, Empreender / criar meu próprio negócio","Remuneração e pacotes de benefícios atrativos, Flexibilidade (como a possibilidade de atuar em Home Office), Ampla quantidade de vagas e estabilidade relativa do setor","Soft skills / comunicação, Inglês técnico, Análise de dados, Gestão / Liderança",Frequente — Monitoramos métricas em dashboards e elas guiam nossas decisões e entregas.
12/06/2026 19:38:02,7º ao 8º período,"Experiência Profissional — Já trabalhava formal ou informalmente na área (freelas, estágio ou CLT) antes de iniciar a graduação.","Sim, mas não mais  —  Já trabalhei, hoje estou em outra área ou parado(a)","Full-stack, Mobile, IoT",Acima de 35 anos,Freelancer / autônomo,Não me aplico,Mais de 10 anos,"JavaScript / TypeScript, Python, Java, C# / .NET, C C++",Inglês,Não possuo e não tenho interesse no momento,Não tenho opinião formada,Altamente positivo — Aumentou consideravelmente minha produtividade e aprendizado,"Substituição por IA / automação  —  Ferramentas de geração de código reduzindo demanda por devs, Concorrência global em remote work  —  Profissionais de outros países competindo pelas mesmas vagas","Talvez, ainda avaliando",Empreender / criar meu próprio negócio,"Desafio intelectual e a satisfação de resolver problemas complexos, A atividade em si.","Arquitetura de software, IA / Machine Learning",Não sei opinar / Não me aplico
12/06/2026 19:38:04,5º ao 6º período,"Apenas estudos autônomos / cursos livres — Já estudava lógica ou linguagens por conta própria (YouTube, cursos online, etc.), mas não trabalhava.","Sim, atualmente  —  Estou empregado(a) na área",Back-end,22 – 25 anos,"CLT, PJ",Pleno,3 – 5 anos,"JavaScript / TypeScript, Java, Go, SQL / Bancos de dados, AWS / GCP / Azure, Apex",Inglês,"Sim, possuo e mantenho ativa(s)","Estável  —  Vagas existem, mas a concorrência é alta","Neutro — Utilizo pontualmente, mas não mudou minha rotina de forma significativa",Piora no modelo de entrega de software ,"Sim, é uma meta","Ser promovido(a) / subir de nível, Migrar para uma empresa maior ou mais reconhecida, Trabalhar para o exterior ou me mudar","Remuneração e pacotes de benefícios atrativos, Flexibilidade (como a possibilidade de atuar em Home Office)",Performance e desempenho,Frequente — Monitoramos métricas em dashboards e elas guiam nossas decisões e entregas.
12/06/2026 19:40:03,5º ao 6º período,"Apenas estudos autônomos / cursos livres — Já estudava lógica ou linguagens por conta própria (YouTube, cursos online, etc.), mas não trabalhava.","Sim, mas não mais  —  Já trabalhei, hoje estou em outra área ou parado(a)",Gestão / PM,22 – 25 anos,PJ,Júnior,3 – 5 anos,"JavaScript / TypeScript, Python, Java, C# / .NET, SQL / Bancos de dados",Inglês,"Sim, possuo e mantenho ativa(s)","Resfriado  —  Vagas escassas, difícil entrar ou crescer",Altamente positivo — Aumentou consideravelmente minha produtividade e aprendizado,"Substituição por IA / automação  —  Ferramentas de geração de código reduzindo demanda por devs, Estagnação salarial  —  Salários não acompanhando custo de vida ou inflação, Velocidade das mudanças tecnológicas  —  Dificuldade de manter o conhecimento atualizado","Sim, é uma meta","Ser promovido(a) / subir de nível, Migrar para uma empresa maior ou mais reconhecida, Trabalhar para o exterior ou me mudar, Seguir carreira acadêmica / mestrado / doutorado","Remuneração e pacotes de benefícios atrativos, Flexibilidade (como a possibilidade de atuar em Home Office), Impacto real dos produtos construídos na vida das pessoas","Cloud / DevOps, IA / Machine Learning, Análise de dados",Frequente — Monitoramos métricas em dashboards e elas guiam nossas decisões e entregas.
12/06/2026 19:41:19,5º ao 6º período,"Apenas estudos autônomos / cursos livres — Já estudava lógica ou linguagens por conta própria (YouTube, cursos online, etc.), mas não trabalhava.","Sim, atualmente  —  Estou empregado(a) na área",Back-end,22 – 25 anos,CLT,Pleno,3 – 5 anos,"JavaScript / TypeScript, Java, C# / .NET, SQL / Bancos de dados, AWS / GCP / Azure",Inglês,Não possuo e não tenho interesse no momento,"Estável  —  Vagas existem, mas a concorrência é alta",Altamente positivo — Aumentou consideravelmente minha produtividade e aprendizado,Não vejo ameaças significativas,"Sim, é uma meta",Trabalhar para o exterior ou me mudar,Desafio intelectual e a satisfação de resolver problemas complexos,Arquitetura de software,Frequente — Monitoramos métricas em dashboards e elas guiam nossas decisões e entregas.
12/06/2026 19:44:08,5º ao 6º período,Nula — Nunca tinha programado ou trabalhado na área; comecei do zero na faculdade.,"Sim, mas não mais  —  Já trabalhei, hoje estou em outra área ou parado(a)","Back-end, Front-end, Full-stack",18 – 21 anos,PJ,Estágio / Trainee,3 – 5 anos,"JavaScript / TypeScript, Python",Inglês,Não possuo e não tenho interesse no momento,Aquecido  —  Muitas vagas e boas oportunidades,Altamente positivo — Aumentou consideravelmente minha produtividade e aprendizado,Substituição por IA / automação  —  Ferramentas de geração de código reduzindo demanda por devs,"Talvez, ainda avaliando",Empreender / criar meu próprio negócio,"apenas interesse pessoal, talvez oportunidade pra abrir uma empresa na área ","Soft skills / comunicação, Inglês técnico, Arquitetura de software, IA / Machine Learning, Análise de dados",Rara / Nula — Não medimos nada formalmente; focamos apenas em entregar as tarefas no prazo.
12/06/2026 19:44:41,7º ao 8º período,"Experiência Profissional — Já trabalhava formal ou informalmente na área (freelas, estágio ou CLT) antes de iniciar a graduação.","Sim, atualmente  —  Estou empregado(a) na área",Full-stack,26 – 30 anos,CLT,Pleno,6 – 10 anos,"JavaScript / TypeScript, Python, Java, C# / .NET, SQL / Bancos de dados",Inglês,"Não, mas estou estudando para obter uma nos próximos meses","Estável  —  Vagas existem, mas a concorrência é alta","Neutro — Utilizo pontualmente, mas não mudou minha rotina de forma significativa","Substituição por IA / automação  —  Ferramentas de geração de código reduzindo demanda por devs, Estagnação salarial  —  Salários não acompanhando custo de vida ou inflação","Sim, é uma meta","Migrar para uma empresa maior ou mais reconhecida, Trabalhar para o exterior ou me mudar","Remuneração e pacotes de benefícios atrativos, Flexibilidade (como a possibilidade de atuar em Home Office), Desafio intelectual e a satisfação de resolver problemas complexos","Soft skills / comunicação, Gestão / Liderança","Ocasional — Olhamos algumas métricas de vez em quando (ex: cobertura de testes), mas não é um processo rígido."
12/06/2026 19:45:53,7º ao 8º período,Nula — Nunca tinha programado ou trabalhado na área; comecei do zero na faculdade.,"Sim, atualmente  —  Estou empregado(a) na área",Mobile,22 – 25 anos,CLT,Júnior,3 – 5 anos,"JavaScript / TypeScript, Python, Java, Kotlin / Swift, SQL / Bancos de dados, AWS / GCP / Azure, Swift","Inglês, Espanhol, Frances","Sim, possuo e mantenho ativa(s)","Estável  —  Vagas existem, mas a concorrência é alta",Altamente positivo — Aumentou consideravelmente minha produtividade e aprendizado,Velocidade das mudanças tecnológicas  —  Dificuldade de manter o conhecimento atualizado,"Sim, é uma meta","Ser promovido(a) / subir de nível, Trabalhar para o exterior ou me mudar","Remuneração e pacotes de benefícios atrativos, Flexibilidade (como a possibilidade de atuar em Home Office), Impacto real dos produtos construídos na vida das pessoas",IA / Machine Learning,"Ocasional — Olhamos algumas métricas de vez em quando (ex: cobertura de testes), mas não é um processo rígido."
12/06/2026 19:51:31,5º ao 6º período,Ensino Técnico — Já tinha base técnica de programação vinda de um curso técnico de nível médio (ex: Técnico em Informática).,"Sim, atualmente  —  Estou empregado(a) na área","Back-end, Front-end, Full-stack, DevOps / Cloud, QA / Testes",26 – 30 anos,CLT,Pleno,3 – 5 anos,"JavaScript / TypeScript, Java, SQL / Bancos de dados",Inglês,"Não, mas estou estudando para obter uma nos próximos meses","Resfriado  —  Vagas escassas, difícil entrar ou crescer",Altamente positivo — Aumentou consideravelmente minha produtividade e aprendizado,"Substituição por IA / automação  —  Ferramentas de geração de código reduzindo demanda por devs, Concorrência global em remote work  —  Profissionais de outros países competindo pelas mesmas vagas, Estagnação salarial  —  Salários não acompanhando custo de vida ou inflação","Sim, é uma meta","Ser promovido(a) / subir de nível, Migrar para uma empresa maior ou mais reconhecida, Trabalhar para o exterior ou me mudar",Flexibilidade (como a possibilidade de atuar em Home Office),"Soft skills / comunicação, Inglês técnico, Arquitetura de software, Cloud / DevOps",Frequente — Monitoramos métricas em dashboards e elas guiam nossas decisões e entregas.
12/06/2026 20:06:43,5º ao 6º período,Nula — Nunca tinha programado ou trabalhado na área; comecei do zero na faculdade.,"Sim, atualmente  —  Estou empregado(a) na área",Back-end,22 – 25 anos,Estágio,Pleno,3 – 5 anos,"JavaScript / TypeScript, Java, SQL / Bancos de dados","Inglês, Alemão","Não, mas estou estudando para obter uma nos próximos meses","Estável  —  Vagas existem, mas a concorrência é alta",Altamente positivo — Aumentou consideravelmente minha produtividade e aprendizado,"Substituição por IA / automação  —  Ferramentas de geração de código reduzindo demanda por devs, Não vejo ameaças significativas","Sim, é uma meta","Ser promovido(a) / subir de nível, Migrar para uma empresa maior ou mais reconhecida, Trabalhar para o exterior ou me mudar","Flexibilidade (como a possibilidade de atuar em Home Office), Desafio intelectual e a satisfação de resolver problemas complexos, Impacto real dos produtos construídos na vida das pessoas","Arquitetura de software, Testes automatizados, Cloud / DevOps, IA / Machine Learning, Gestão / Liderança",Rara / Nula — Não medimos nada formalmente; focamos apenas em entregar as tarefas no prazo.
12/06/2026 20:23:57,5º ao 6º período,Nula — Nunca tinha programado ou trabalhado na área; comecei do zero na faculdade.,"Sim, atualmente  —  Estou empregado(a) na área","Back-end, DevOps / Cloud, Gestão / PM, Pesquisa Acadêmica",22 – 25 anos,PJ,Pleno,3 – 5 anos,"JavaScript / TypeScript, Java, SQL / Bancos de dados, AWS / GCP / Azure",Não possuo domínio de outros idiomas além do português,"Não, mas estou estudando para obter uma nos próximos meses","Resfriado  —  Vagas escassas, difícil entrar ou crescer",Altamente positivo — Aumentou consideravelmente minha produtividade e aprendizado,"Substituição por IA / automação  —  Ferramentas de geração de código reduzindo demanda por devs, Estagnação salarial  —  Salários não acompanhando custo de vida ou inflação","Talvez, ainda avaliando","Migrar para uma empresa maior ou mais reconhecida, Seguir carreira acadêmica / mestrado / doutorado, Empreender / criar meu próprio negócio","Remuneração e pacotes de benefícios atrativos, Flexibilidade (como a possibilidade de atuar em Home Office)","Inglês técnico, Cloud / DevOps",Rara / Nula — Não medimos nada formalmente; focamos apenas em entregar as tarefas no prazo.
12/06/2026 21:12:44,5º ao 6º período,Nula — Nunca tinha programado ou trabalhado na área; comecei do zero na faculdade.,"Sim, atualmente  —  Estou empregado(a) na área",Back-end,22 – 25 anos,CLT,Júnior,3 – 5 anos,Java,Não possuo domínio de outros idiomas além do português,Não possuo e não tenho interesse no momento,"Estável  —  Vagas existem, mas a concorrência é alta",Altamente positivo — Aumentou consideravelmente minha produtividade e aprendizado,Substituição por IA / automação  —  Ferramentas de geração de código reduzindo demanda por devs,"Sim, é uma meta",Ser promovido(a) / subir de nível,Remuneração e pacotes de benefícios atrativos,Inglês técnico,Frequente — Monitoramos métricas em dashboards e elas guiam nossas decisões e entregas.
12/06/2026 21:43:20,Já concluí a graduação / Não me aplico,"Experiência Profissional — Já trabalhava formal ou informalmente na área (freelas, estágio ou CLT) antes de iniciar a graduação.","Sim, atualmente  —  Estou empregado(a) na área",Back-end,Acima de 35 anos,CLT,Sênior,Mais de 10 anos,"SQL / Bancos de dados, Ruby",Inglês,Não possuo e não tenho interesse no momento,"Resfriado  —  Vagas escassas, difícil entrar ou crescer",Altamente positivo — Aumentou consideravelmente minha produtividade e aprendizado,"Substituição por IA / automação  —  Ferramentas de geração de código reduzindo demanda por devs, Estagnação salarial  —  Salários não acompanhando custo de vida ou inflação","Sim, é uma meta",Cheguei onde queria na minha carreira,"Remuneração e pacotes de benefícios atrativos, Flexibilidade (como a possibilidade de atuar em Home Office), Desafio intelectual e a satisfação de resolver problemas complexos","Cloud / DevOps, IA / Machine Learning, Análise de dados",Frequente — Monitoramos métricas em dashboards e elas guiam nossas decisões e entregas.
15/06/2026 12:46:20,"5º ao 6º período, 7º ao 8º período",Nula — Nunca tinha programado ou trabalhado na área; comecei do zero na faculdade.,"Sim, atualmente  —  Estou empregado(a) na área","Full-stack, Mobile",22 – 25 anos,PJ,Pleno,3 – 5 anos,"Python, Kotlin / Swift, SQL / Bancos de dados, Prompts para IAs, independe da linguagem",Inglês,Não possuo e não tenho interesse no momento,"Estável  —  Vagas existem, mas a concorrência é alta",Altamente positivo — Aumentou consideravelmente minha produtividade e aprendizado,"Substituição por IA / automação  —  Ferramentas de geração de código reduzindo demanda por devs, Concorrência global em remote work  —  Profissionais de outros países competindo pelas mesmas vagas, Estagnação salarial  —  Salários não acompanhando custo de vida ou inflação, Velocidade das mudanças tecnológicas  —  Dificuldade de manter o conhecimento atualizado","Talvez, ainda avaliando",Empreender / criar meu próprio negócio,"Remuneração e pacotes de benefícios atrativos, Desafio intelectual e a satisfação de resolver problemas complexos, Impacto real dos produtos construídos na vida das pessoas","Arquitetura de software, Testes automatizados, IA / Machine Learning",Rara / Nula — Não medimos nada formalmente; focamos apenas em entregar as tarefas no prazo.
15/06/2026 17:21:15,7º ao 8º período,"Apenas estudos autônomos / cursos livres — Já estudava lógica ou linguagens por conta própria (YouTube, cursos online, etc.), mas não trabalhava.","Sim, atualmente  —  Estou empregado(a) na área",Full-stack,22 – 25 anos,CLT,Pleno,3 – 5 anos,"JavaScript / TypeScript, Kotlin / Swift, SQL / Bancos de dados",Espanhol,"Sim, possuo e mantenho ativa(s)","Estável  —  Vagas existem, mas a concorrência é alta",Altamente positivo — Aumentou consideravelmente minha produtividade e aprendizado,Substituição por IA / automação  —  Ferramentas de geração de código reduzindo demanda por devs,"Sim, é uma meta",Ser promovido(a) / subir de nível,"Remuneração e pacotes de benefícios atrativos, Flexibilidade (como a possibilidade de atuar em Home Office), Desafio intelectual e a satisfação de resolver problemas complexos","Inglês técnico, Cloud / DevOps","Ocasional — Olhamos algumas métricas de vez em quando (ex: cobertura de testes), mas não é um processo rígido."
15/06/2026 17:27:40,5º ao 6º período,"Apenas estudos autônomos / cursos livres — Já estudava lógica ou linguagens por conta própria (YouTube, cursos online, etc.), mas não trabalhava.","Sim, atualmente  —  Estou empregado(a) na área","Back-end, QA / Testes",22 – 25 anos,PJ,Pleno,3 – 5 anos,Python,Inglês,"Sim, possuo e mantenho ativa(s)","Estável  —  Vagas existem, mas a concorrência é alta",Altamente positivo — Aumentou consideravelmente minha produtividade e aprendizado,Concorrência global em remote work  —  Profissionais de outros países competindo pelas mesmas vagas,"Sim, é uma meta","Trabalhar para o exterior ou me mudar, Empreender / criar meu próprio negócio","Remuneração e pacotes de benefícios atrativos, Flexibilidade (como a possibilidade de atuar em Home Office)","Soft skills / comunicação, IA / Machine Learning",Frequente — Monitoramos métricas em dashboards e elas guiam nossas decisões e entregas.
15/06/2026 17:40:14,"5º ao 6º período, 7º ao 8º período",Nula — Nunca tinha programado ou trabalhado na área; comecei do zero na faculdade.,"Sim, atualmente  —  Estou empregado(a) na área",Full-stack,18 – 21 anos,CLT,Júnior,Menos de 1 ano,"SQL / Bancos de dados, PHP",Inglês,"Não, mas estou estudando para obter uma nos próximos meses","Estável  —  Vagas existem, mas a concorrência é alta",Altamente positivo — Aumentou consideravelmente minha produtividade e aprendizado,"Substituição por IA / automação  —  Ferramentas de geração de código reduzindo demanda por devs, Velocidade das mudanças tecnológicas  —  Dificuldade de manter o conhecimento atualizado","Sim, é uma meta","Ser promovido(a) / subir de nível, Migrar para uma empresa maior ou mais reconhecida, Trabalhar para o exterior ou me mudar","Flexibilidade (como a possibilidade de atuar em Home Office), Desafio intelectual e a satisfação de resolver problemas complexos",Cloud / DevOps,"Ocasional — Olhamos algumas métricas de vez em quando (ex: cobertura de testes), mas não é um processo rígido."
15/06/2026 17:40:56,Já concluí a graduação / Não me aplico,Nula — Nunca tinha programado ou trabalhado na área; comecei do zero na faculdade.,"Sim, atualmente  —  Estou empregado(a) na área",Mobile,26 – 30 anos,CLT,Sênior,6 – 10 anos,"Java, Kotlin / Swift",Inglês,Não possuo e não tenho interesse no momento,"Estável  —  Vagas existem, mas a concorrência é alta","Neutro — Utilizo pontualmente, mas não mudou minha rotina de forma significativa","Substituição por IA / automação  —  Ferramentas de geração de código reduzindo demanda por devs, Estagnação salarial  —  Salários não acompanhando custo de vida ou inflação","Talvez, ainda avaliando",Ser promovido(a) / subir de nível,"Flexibilidade (como a possibilidade de atuar em Home Office), Desafio intelectual e a satisfação de resolver problemas complexos, Impacto real dos produtos construídos na vida das pessoas","Soft skills / comunicação, Inglês técnico, Gestão / Liderança",Frequente — Monitoramos métricas em dashboards e elas guiam nossas decisões e entregas.
15/06/2026 18:06:06,7º ao 8º período,Nula — Nunca tinha programado ou trabalhado na área; comecei do zero na faculdade.,"Sim, atualmente  —  Estou empregado(a) na área",Gestão / PM,22 – 25 anos,Estágio,Júnior,3 – 5 anos,"JavaScript / TypeScript, Python, Java, SQL / Bancos de dados",Inglês,"Sim, possuo e mantenho ativa(s)","Estável  —  Vagas existem, mas a concorrência é alta",Altamente positivo — Aumentou consideravelmente minha produtividade e aprendizado,Concorrência global em remote work  —  Profissionais de outros países competindo pelas mesmas vagas,"Sim, é uma meta","Ser promovido(a) / subir de nível, Migrar para uma empresa maior ou mais reconhecida, Trabalhar para o exterior ou me mudar","Remuneração e pacotes de benefícios atrativos, Flexibilidade (como a possibilidade de atuar em Home Office), Ampla quantidade de vagas e estabilidade relativa do setor","Soft skills / comunicação, Inglês técnico, Arquitetura de software, IA / Machine Learning, Gestão / Liderança",Frequente — Monitoramos métricas em dashboards e elas guiam nossas decisões e entregas.
15/06/2026 18:07:11,7º ao 8º período,"Apenas estudos autônomos / cursos livres — Já estudava lógica ou linguagens por conta própria (YouTube, cursos online, etc.), mas não trabalhava.","Sim, atualmente  —  Estou empregado(a) na área","Back-end, Front-end, Full-stack",18 – 21 anos,Estágio,Júnior,3 – 5 anos,"JavaScript / TypeScript, Java, C# / .NET, SQL / Bancos de dados",Inglês,Não possuo e não tenho interesse no momento,"Resfriado  —  Vagas escassas, difícil entrar ou crescer",Negativo — Sinto que prejudica o aprendizado profundo ou gera dependência excessiva,"Substituição por IA / automação  —  Ferramentas de geração de código reduzindo demanda por devs, Velocidade das mudanças tecnológicas  —  Dificuldade de manter o conhecimento atualizado","Talvez, ainda avaliando","Ser promovido(a) / subir de nível, Migrar para uma empresa maior ou mais reconhecida, Empreender / criar meu próprio negócio","Remuneração e pacotes de benefícios atrativos, Flexibilidade (como a possibilidade de atuar em Home Office), Desafio intelectual e a satisfação de resolver problemas complexos, Impacto real dos produtos construídos na vida das pessoas","Soft skills / comunicação, Arquitetura de software, Cloud / DevOps, Gestão / Liderança","Ocasional — Olhamos algumas métricas de vez em quando (ex: cobertura de testes), mas não é um processo rígido."
15/06/2026 19:15:33,5º ao 6º período,"Experiência Profissional — Já trabalhava formal ou informalmente na área (freelas, estágio ou CLT) antes de iniciar a graduação.","Sim, atualmente  —  Estou empregado(a) na área",Back-end,18 – 21 anos,CLT,Sênior,6 – 10 anos,"Java, Go","Inglês, Espanhol","Sim, possuo e mantenho ativa(s)","Estável  —  Vagas existem, mas a concorrência é alta",Negativo — Sinto que prejudica o aprendizado profundo ou gera dependência excessiva,"Substituição por IA / automação  —  Ferramentas de geração de código reduzindo demanda por devs, Velocidade das mudanças tecnológicas  —  Dificuldade de manter o conhecimento atualizado","Sim, é uma meta","Trabalhar para o exterior ou me mudar, Seguir carreira acadêmica / mestrado / doutorado, Empreender / criar meu próprio negócio",Desafio intelectual e a satisfação de resolver problemas complexos,"IA / Machine Learning, Gestão / Liderança","Ocasional — Olhamos algumas métricas de vez em quando (ex: cobertura de testes), mas não é um processo rígido."
15/06/2026 19:27:19,7º ao 8º período,Nula — Nunca tinha programado ou trabalhado na área; comecei do zero na faculdade.,"Sim, atualmente  —  Estou empregado(a) na área",Back-end,26 – 30 anos,CLT,Júnior,3 – 5 anos,"Python, Kotlin / Swift","Inglês, Espanhol",Não possuo e não tenho interesse no momento,"Estável  —  Vagas existem, mas a concorrência é alta",Altamente positivo — Aumentou consideravelmente minha produtividade e aprendizado,Substituição por IA / automação  —  Ferramentas de geração de código reduzindo demanda por devs,"Talvez, ainda avaliando",Ser promovido(a) / subir de nível,"Remuneração e pacotes de benefícios atrativos, Flexibilidade (como a possibilidade de atuar em Home Office), Desafio intelectual e a satisfação de resolver problemas complexos","Arquitetura de software, Cloud / DevOps","Ocasional — Olhamos algumas métricas de vez em quando (ex: cobertura de testes), mas não é um processo rígido."
15/06/2026 22:18:05,7º ao 8º período,"Experiência Profissional — Já trabalhava formal ou informalmente na área (freelas, estágio ou CLT) antes de iniciar a graduação.","Sim, atualmente  —  Estou empregado(a) na área","Back-end, DevOps / Cloud, Pesquisa Acadêmica",22 – 25 anos,CLT,Pleno,3 – 5 anos,"JavaScript / TypeScript, Python, Java, SQL / Bancos de dados, AWS / GCP / Azure",Inglês,Não possuo e não tenho interesse no momento,"Resfriado  —  Vagas escassas, difícil entrar ou crescer",Altamente positivo — Aumentou consideravelmente minha produtividade e aprendizado,"Estagnação salarial  —  Salários não acompanhando custo de vida ou inflação, Velocidade das mudanças tecnológicas  —  Dificuldade de manter o conhecimento atualizado","Talvez, ainda avaliando","Ser promovido(a) / subir de nível, Migrar para uma empresa maior ou mais reconhecida, Seguir carreira acadêmica / mestrado / doutorado","Flexibilidade (como a possibilidade de atuar em Home Office), Desafio intelectual e a satisfação de resolver problemas complexos","Arquitetura de software, IA / Machine Learning, Gestão / Liderança",Frequente — Monitoramos métricas em dashboards e elas guiam nossas decisões e entregas.
22/06/2026 20:06:42,7º ao 8º período,"Apenas estudos autônomos / cursos livres — Já estudava lógica ou linguagens por conta própria (YouTube, cursos online, etc.), mas não trabalhava.","Sim, atualmente  —  Estou empregado(a) na área","Back-end, DevOps / Cloud, TI",22 – 25 anos,PJ,Pleno,3 – 5 anos,"JavaScript / TypeScript, Python, SQL / Bancos de dados, AWS / GCP / Azure",Inglês,"Sim, possuo e mantenho ativa(s)","Estável  —  Vagas existem, mas a concorrência é alta",Altamente positivo — Aumentou consideravelmente minha produtividade e aprendizado,"Substituição por IA / automação  —  Ferramentas de geração de código reduzindo demanda por devs, Velocidade das mudanças tecnológicas  —  Dificuldade de manter o conhecimento atualizado","Sim, é uma meta","Ser promovido(a) / subir de nível, Empreender / criar meu próprio negócio","Remuneração e pacotes de benefícios atrativos, Flexibilidade (como a possibilidade de atuar em Home Office), Desafio intelectual e a satisfação de resolver problemas complexos","Inglês técnico, IA / Machine Learning, Gestão / Liderança",Frequente — Monitoramos métricas em dashboards e elas guiam nossas decisões e entregas.
22/06/2026 20:09:21,5º ao 6º período,"Apenas estudos autônomos / cursos livres — Já estudava lógica ou linguagens por conta própria (YouTube, cursos online, etc.), mas não trabalhava.","Sim, atualmente  —  Estou empregado(a) na área","Back-end, Mobile",31 – 35 anos,CLT,Júnior,3 – 5 anos,"JavaScript / TypeScript, Java, C# / .NET, SQL / Bancos de dados",Inglês,Não possuo e não tenho interesse no momento,"Estável  —  Vagas existem, mas a concorrência é alta",Altamente positivo — Aumentou consideravelmente minha produtividade e aprendizado,"Substituição por IA / automação  —  Ferramentas de geração de código reduzindo demanda por devs, Concorrência global em remote work  —  Profissionais de outros países competindo pelas mesmas vagas","Sim, é uma meta","Ser promovido(a) / subir de nível, Trabalhar para o exterior ou me mudar, Empreender / criar meu próprio negócio","Remuneração e pacotes de benefícios atrativos, Impacto real dos produtos construídos na vida das pessoas","Soft skills / comunicação, Arquitetura de software",Frequente — Monitoramos métricas em dashboards e elas guiam nossas decisões e entregas.
23/06/2026 13:09:44,7º ao 8º período,"Apenas estudos autônomos / cursos livres — Já estudava lógica ou linguagens por conta própria (YouTube, cursos online, etc.), mas não trabalhava.","Sim, atualmente  —  Estou empregado(a) na área",Full-stack,22 – 25 anos,CLT,Pleno,3 – 5 anos,"JavaScript / TypeScript, Java, Kotlin / Swift",Espanhol,"Sim, possuo e mantenho ativa(s)","Estável  —  Vagas existem, mas a concorrência é alta",Altamente positivo — Aumentou consideravelmente minha produtividade e aprendizado,Substituição por IA / automação  —  Ferramentas de geração de código reduzindo demanda por devs,"Sim, é uma meta",Trabalhar para o exterior ou me mudar,"Remuneração e pacotes de benefícios atrativos, Flexibilidade (como a possibilidade de atuar em Home Office)",Inglês técnico,"Ocasional — Olhamos algumas métricas de vez em quando (ex: cobertura de testes), mas não é um processo rígido."
23/06/2026 13:20:02,7º ao 8º período,Nula — Nunca tinha programado ou trabalhado na área; comecei do zero na faculdade.,"Sim, atualmente  —  Estou empregado(a) na área","Back-end, Full-stack",18 – 21 anos,"CLT, Freelancer / autônomo",Júnior,3 – 5 anos,"JavaScript / TypeScript, Python, Java, SQL / Bancos de dados",Inglês,Não possuo e não tenho interesse no momento,"Estável  —  Vagas existem, mas a concorrência é alta",Altamente positivo — Aumentou consideravelmente minha produtividade e aprendizado,"Estagnação salarial  —  Salários não acompanhando custo de vida ou inflação, Velocidade das mudanças tecnológicas  —  Dificuldade de manter o conhecimento atualizado","Sim, é uma meta","Ser promovido(a) / subir de nível, Migrar para uma empresa maior ou mais reconhecida, Trabalhar para o exterior ou me mudar","Flexibilidade (como a possibilidade de atuar em Home Office), Impacto real dos produtos construídos na vida das pessoas","Soft skills / comunicação, Arquitetura de software",Rara / Nula — Não medimos nada formalmente; focamos apenas em entregar as tarefas no prazo.
23/06/2026 13:26:46,5º ao 6º período,"Apenas estudos autônomos / cursos livres — Já estudava lógica ou linguagens por conta própria (YouTube, cursos online, etc.), mas não trabalhava.","Sim, atualmente  —  Estou empregado(a) na área","Full-stack, Mobile, Dados / BI, DevOps / Cloud",22 – 25 anos,CLT,Pleno,3 – 5 anos,"JavaScript / TypeScript, Java, SQL / Bancos de dados, AWS / GCP / Azure","Inglês, Mandarim","Não, mas estou estudando para obter uma nos próximos meses","Estável  —  Vagas existem, mas a concorrência é alta",Altamente positivo — Aumentou consideravelmente minha produtividade e aprendizado,"Substituição por IA / automação  —  Ferramentas de geração de código reduzindo demanda por devs, Estagnação salarial  —  Salários não acompanhando custo de vida ou inflação","Sim, é uma meta","Migrar para uma empresa maior ou mais reconhecida, Trabalhar para o exterior ou me mudar","Remuneração e pacotes de benefícios atrativos, Flexibilidade (como a possibilidade de atuar em Home Office)","Arquitetura de software, Testes automatizados, IA / Machine Learning",Frequente — Monitoramos métricas em dashboards e elas guiam nossas decisões e entregas.
23/06/2026 14:10:18,7º ao 8º período,Nula — Nunca tinha programado ou trabalhado na área; comecei do zero na faculdade.,"Sim, atualmente  —  Estou empregado(a) na área",Gerencio toda parte técnica da empresa,18 – 21 anos,Freelancer / autônomo,Não me aplico,3 – 5 anos,"JavaScript / TypeScript, Python, Java",Inglês,Não possuo e não tenho interesse no momento,"Resfriado  —  Vagas escassas, difícil entrar ou crescer",Altamente positivo — Aumentou consideravelmente minha produtividade e aprendizado,Substituição por IA / automação  —  Ferramentas de geração de código reduzindo demanda por devs,"Talvez, ainda avaliando",Empreender / criar meu próprio negócio,Propósito,"Soft skills / comunicação, Inglês técnico, Testes automatizados",Rara / Nula — Não medimos nada formalmente; focamos apenas em entregar as tarefas no prazo.
23/06/2026 15:06:04,5º ao 6º período,"Experiência Profissional — Já trabalhava formal ou informalmente na área (freelas, estágio ou CLT) antes de iniciar a graduação.","Sim, atualmente  —  Estou empregado(a) na área","Back-end, DevOps / Cloud",22 – 25 anos,CLT,Pleno,3 – 5 anos,"Java, C# / .NET, SQL / Bancos de dados, AWS / GCP / Azure",Inglês,"Não, mas estou estudando para obter uma nos próximos meses","Estável  —  Vagas existem, mas a concorrência é alta",Altamente positivo — Aumentou consideravelmente minha produtividade e aprendizado,"Estagnação salarial  —  Salários não acompanhando custo de vida ou inflação, Velocidade das mudanças tecnológicas  —  Dificuldade de manter o conhecimento atualizado","Sim, é uma meta",Ser promovido(a) / subir de nível,"Remuneração e pacotes de benefícios atrativos, Flexibilidade (como a possibilidade de atuar em Home Office), Desafio intelectual e a satisfação de resolver problemas complexos, Ampla quantidade de vagas e estabilidade relativa do setor","Inglês técnico, Arquitetura de software, Cloud / DevOps, IA / Machine Learning",Frequente — Monitoramos métricas em dashboards e elas guiam nossas decisões e entregas.
23/06/2026 15:54:29,7º ao 8º período,"Apenas estudos autônomos / cursos livres — Já estudava lógica ou linguagens por conta própria (YouTube, cursos online, etc.), mas não trabalhava.","Sim, atualmente  —  Estou empregado(a) na área",Full-stack,26 – 30 anos,PJ,Júnior,3 – 5 anos,"JavaScript / TypeScript, Python, Java, SQL / Bancos de dados","Inglês, Espanhol",Não possuo e não tenho interesse no momento,"Resfriado  —  Vagas escassas, difícil entrar ou crescer",Altamente positivo — Aumentou consideravelmente minha produtividade e aprendizado,"Substituição por IA / automação  —  Ferramentas de geração de código reduzindo demanda por devs, Estagnação salarial  —  Salários não acompanhando custo de vida ou inflação","Sim, é uma meta",Migrar para uma empresa maior ou mais reconhecida,"Flexibilidade (como a possibilidade de atuar em Home Office), Desafio intelectual e a satisfação de resolver problemas complexos","Soft skills / comunicação, IA / Machine Learning, Gestão / Liderança","Ocasional — Olhamos algumas métricas de vez em quando (ex: cobertura de testes), mas não é um processo rígido."